id,name,category,kind,content,events_url,feed_type,feed_url,pagination,access,est_listings,status,priority,notes,checked_at
forks,The Forks,attraction,venue,events,https://www.theforks.com/events/calendar-of-events,html,,month-nav,ok,9,live,,Current month plus the next two month lists; summaries from the list page,2026-10-09
attractions,The Forks · places,attraction,venue,places,https://www.theforks.com/attractions,html,,none,ok,25,live,,Year-round places; currently closed places are hidden,2026-10-09
park,Assiniboine Park,attraction,venue,events,https://www.assiniboinepark.ca/events,html,,?page=N,ok,25,live,,Up to 5 pages; summaries from the list page,2026-10-09
manitoba,Travel Manitoba,tourism,aggregator,events,https://www.travelmanitoba.com/events/,html,,?page=N,ok,44,live,,"Up to 6 pages, Winnipeg events only; descriptions from each event page (schema.org Event)",2026-10-09
winnipeg-free-swim,City of Winnipeg · Free swim,city-rec,organization,events,https://www.winnipeg.ca/recreation-leisure/pools/swimming/free-swim,html,https://www.winnipeg.ca/recreation-leisure/pools/indoor-pools,none,ok,193,live,,One listing per session; the pool directory supplies closures; sessions that disappear are cancelled,2026-10-09
winnipeg-rotary,Rotary Club of Winnipeg,community,organization,events,https://winnipegrotary.org/,html,,none,ok,2,live,,Upcoming Events box and event pages; full-size poster verified by QR code and registration page; ICS calendar feed exists but is not used,2026-10-09
trails-manitoba,Trails Manitoba · Official Trails,outdoors,organization,trails,https://www.trailsmanitoba.ca/trail-info/hiking-trails-manitoba-maps/,kml,,none,ok,556,live,,Offline import (scripts/import-official-trails.py) of the summer and winter Google My Maps KML exports,2026-10-09
facebook,Hiking Manitoba · Facebook,community,community-group,activities,https://www.facebook.com/groups/810758152436911/,browser,,none,limited,,live,,Private group read with the owner's signed-in browser; restricted to the owner; stays on its existing scheduler until P6,2026-10-09
instagram,Instagram outdoor posts,community,platform,activities,https://www.instagram.com/,manual,,none,limited,,live,,Added one post at a time by link; no feed,2026-10-09
